Source,Title,Company,Desc,Link
Berlin Startup Jobs,Senior Web Engineer,Tandem,Click to view job details,https://berlinstartupjobs.com/engineering/senior-web-engineer-tandem/
We Work Remotely,Javascript Fullstack Engineer - Senior,Lumenalta,Click to view job details,https://weworkremotely.com/company/lumenalta
We Work Remotely,Full Stack Javascript Developer (Shape Up + Small team),Inovo Studios,Click to view job details,https://weworkremotely.com/company/inovo-studios
We Work Remotely,Backend Java Developer,Toptal,Click to view job details,https://weworkremotely.com/company/toptal
Web3 Career,Senior Software Engineer â€“ Digital Assets Custody,swissquote,Click to view job details,https://web3.career/senior-software-engineer-digital-assets-custody-swissquote/139990
Web3 Career,Technical Lead Manager Infrastructure,Alchemy,Click to view job details,https://web3.career/technical-lead-manager-infrastructure-alchemy/139986
Web3 Career,Backend DeFi Developer,Fasanara,Click to view job details,https://web3.career/backend-defi-developer-fasanara/139965
Web3 Career,QA Support Engineer Trading Platm,Crypto.com,Click to view job details,https://web3.career/qa-support-engineer-trading-platform-crypto-com/139912
Web3 Career,Senior Web3 Software Engineer,InfStones,Click to view job details,https://web3.career/senior-web3-software-engineer-infstones/139858
Web3 Career,Senior Blockchain Software Engineer,InfStones,Click to view job details,https://web3.career/senior-blockchain-software-engineer-infstones/139857
Web3 Career,Senior Web3 Engineer,InfStones,Click to view job details,https://web3.career/senior-web3-engineer-infstones/139853
Web3 Career,Backend Engieer Data Pipelines Avalor,Zscaler,Click to view job details,https://web3.career/backend-engieer-data-pipelines-avalor-zscaler/139842
Web3 Career,Options Trader Digital Assets Remote,Keyrock,Click to view job details,https://web3.career/options-trader-digital-assets-remote-keyrock/139821
Web3 Career,BackEnd Web3 Development Leader,BitKernel,Click to view job details,https://web3.career/back-end-web3-development-leader-bitkernel/139704
Web3 Career,FullStack Architect CryptoAgility PostQuantum Cryptography PQC,syncreonconsulting,Click to view job details,https://web3.career/full-stack-architect-for-crypto-agility-post-quantum-cryptography-pqc-syncreonconsulting/139618
Web3 Career,Senior Manager Software Development Engineering,Zscaler,Click to view job details,https://web3.career/senior-manager-software-development-engineering-zscaler/139564
Web3 Career,Staff Site Reliability Engineer Staff Site Reliability Engineer Linux Network troubleshooting Scripting,Zscaler,Click to view job details,https://web3.career/staff-site-reliability-engineer-staff-site-reliability-engineer-linux-network-troubleshooting-scripting-zscaler/139562
Web3 Career,Staff Machine Learning Engineer,Zscaler,Click to view job details,https://web3.career/staff-machine-learning-engineer-zscaler/103862
Web3 Career,Senior Staff Software Development Engineer,Zscaler,Click to view job details,https://web3.career/senior-staff-software-development-engineer-zscaler/106338
